0,1,2,3,4,5,6,7,8,9,10,11,12,13,14,15,16,17,18,19
-2.121129715822911,0.6112350418699747,0.5204814208140586,-0.4134452946493013,-0.9667062508164836,0.29512420987523313,1.399848871485735,2.5428164552618306,0.45326745182626765,-0.8849591325775189,0.18975194424473962,-0.42260193326937123,0.1198927505316013,0.46384926035008445,-0.299788726056313,-0.26356711302000235,-0.4374216250112611,-0.009287831907561134,0.032441869716316685,0.024896627810164662
0.5397615393061025,-2.481428789048389,1.2187971547188343,-2.1477272465766304,0.6052636279813934,1.7868653941878472,0.2883323072435604,0.7735781046453276,0.7044243739337223,1.9277716884777023,0.5770075871728839,1.7144962908026231,0.27113601965347756,-1.616442628796193,-0.9918232924043431,-0.10714647995377216,-0.24703680014831877,0.45650622432588683,0.8062840540974404,-0.864129953020203
-3.8001503523913076,2.5328914542596266,-1.347031888304922,0.953894983161488,-0.7305356853347901,-0.5503445763900362,0.034623237295275944,-1.4701892972863337,0.33457825335322416,-1.000495677764665,-0.3984442972660302,-1.1439106905732759,-0.05256730476175368,0.1585994701516984,0.2718384307203421,0.04713945708425267,-0.26902244326071273,0.014499502614152282,0.27495605976441007,-0.07762368060829505
-3.36997940743481,3.5454664812272463,-2.0028156424170507,1.3326146713653813,1.1830413163118432,-0.4535446002865955,0.0683514478675139,-0.5996520783514708,0.4617476875946178,-0.2851861991384357,-0.19353331275464442,-0.24384423038111694,-0.26030922186454597,0.2220658358156229,-0.23106202110775464,0.11207075026611463,-0.17989229071433271,0.4998831290672959,-0.0733054614179856,-0.2117145184504668
-1.677576307925299,0.6467687916619956,-1.6542787273238797,1.0893620115063225,-0.1429876138716879,-1.3700471214938827,1.5128221521110876,1.8257132744133995,-0.3291886099951576,-0.6686283734868812,-0.658870511437436,-0.7059670208022936,-0.1602506501271004,0.30291971103553783,-0.9499502937771117,0.796980737099674,0.43937577577453224,-0.26620682285107006,-0.25806380948026975,0.08840616601953592
2.841113791582783,-6.0621514327221675,2.8579556150237986,0.4229567205004642,-3.1608940214515746,-2.9134751071800946,-3.7044763035484722,-0.5915472687271206,-0.4898585091184335,-1.089825746829276,-0.7955721470205352,1.1770233157258105,0.7319562313661621,0.04355612009617804,-0.4184525907583352,-0.2757987218724376,0.24292867063941737,-0.11178638036996447,0.4794147631563916,0.10540567646177734
-3.8550255063295555,2.904964719395293,-1.3781950024815457,0.7505630388710014,0.5146475885614179,0.12279340294639299,-1.390221098147597,0.4040016644756892,0.07788669779589277,0.7416892774620613,0.2251258681191819,0.42881101858454107,-0.15227531018305998,0.11929754690805516,0.5591356104811,-0.1412662082600625,0.39234510434258624,-0.33950171930375234,0.13084109837128124,-0.16955773272652652
-2.481498622381601,0.4440425527290701,0.1610402048077169,-1.578367045570035,0.1747286306213801,1.8139236854470995,0.8113846445331631,0.25091347564889704,0.3336147399956058,-0.6863983509625546,-0.4594781457544715,-0.7921590346738872,-0.11666133727375136,0.7730870906360443,0.6776054239510131,-0.43838635274177384,-0.4489592502522187,0.10345333081554466,-0.0506222426767691,0.21053318762339923
-2.586875875943262,-0.6760666400820418,1.5948498553540955,-2.4560898952250185,-1.2162562117431346,2.1065813222945,0.55338096018671,0.21514762236745966,0.22739980626979828,-0.10412363829260522,-0.4980099662862237,-1.227859756542084,0.4944849190779963,-0.17686511941745892,0.51472215363136,-0.007134383933592059,0.039770705126239925,0.5449734139939597,0.2994775633785872,0.36153657284630986
-2.2519103649394223,1.3885871697217942,-0.5208322498113388,0.548883247950213,0.14795409961516848,-0.4412235502609212,0.1960501181940017,-0.9877834110933374,0.6262187534069926,-0.7932822790194556,-1.5248407916835265,-0.5197291254022124,-0.43408745150599176,-0.32435396203365513,-0.10313600704959738,0.08788977422573041,-0.12432118568873832,0.6948811807592615,0.27619270007894337,0.14247328043280016
13.329202132681118,-7.081654033744548,2.9510863243424788,0.6037370386339006,9.180391578002341,-3.044726763046029,-6.123746315428917,1.0157604166917247,2.126911943038283,-2.2540482999993072,-1.7536758010266946,-0.7974650068988882,-1.6894972400039905,-0.4526209339834488,2.005965033346365,-0.14352761772835743,-0.7141384305438856,-0.20470641631124997,1.9967744068843771,-0.4500165417301173
25.47212242009952,-6.685182334973461,9.202083010348103,4.743628799805671,-8.33778913558919,-2.3486256850770246,-2.4067231085368075,1.9765069724185156,10.169931183589007,4.751138776688128,-1.2709675614299651,-3.839085961070258,-3.4636039577291458,0.19424017116173053,-1.431936274017485,1.1825639499709746,0.7688188282037105,-1.4940564075470735,-0.9525024609569186,-0.751305673308039
-2.4952645803026825,-0.7817998726165409,-0.44181828681663793,-0.7751946855594632,-0.9862754430504657,1.0312662115746638,-0.023587506453064566,-0.7363607199572999,-0.9158279967343278,0.46094987937318765,0.417648684068147,0.49484724754825016,-0.7112414458834364,0.18405561200077125,-0.24567225304647042,0.4638529890431842,-0.5836489747015885,-0.11546600690850689,0.23870541777540777,-0.16777304844629076
-1.0396402106910643,-0.6053984662463183,0.3346426469765076,-0.7408356505550491,-0.0634041298631387,-0.1948194349230209,1.8006894885059237,-1.4366368569592072,0.13988493703898022,-1.1905423839142437,-0.4179304788722817,-0.686658818694995,0.9940116155958941,0.326354757538249,0.7614222126140342,-0.165094377767293,-0.03560626967166308,0.148397036656906,-0.2096439912780016,-0.23934169959353754
-5.25011028961214,1.8664795886118357,-0.2680713495116598,-0.8025553482009415,-1.2372510755921085,1.926510890828467,-1.0979270657201239,-0.2567848200511107,-0.021731689611087047,0.40964662262138407,-0.4051294729782854,-0.01354247213416715,0.4201160262686465,0.4432079014710304,1.4825809240471897,-0.5380181845521719,0.8803918811101101,-0.5458787620728515,0.009926539394064848,0.17443654344802767
3.2598760516602425,-4.865687831746645,1.6420491915003068,-3.0666164430965015,0.7376517727987235,-0.08490325728721437,2.417649191168815,-0.7426183015270992,-0.8086478372738878,2.6364772933775944,-1.1795220256775902,-0.8846812343746615,-1.7392009297090154,-0.25984361840480014,2.0788528559957706,-1.6043422054794292,-1.0550007597359832,1.469406228013591,0.6530750447711494,1.0493987534313547
2.968979739941295,-3.9709688921127153,3.2178525907490014,-3.956477413060983,-2.0603223555436863,0.26708343047420313,1.5975091471623295,-0.6732044247018093,-0.917799714969233,0.6147127983375454,0.016773930840143947,-1.0012960104342084,0.793619607198975,-3.293358699317337,-0.8656673615301065,1.7158508889735664,3.004403553459535,0.8891707975857721,2.6291028978192537,1.553857166553539
3.732728861530118,-1.5985135046133145,0.5458399431402244,-1.733111873739621,6.559878107107668,1.1532965172525003,0.672178432447087,-0.8200413688465191,1.227621120691452,1.3235943827603065,-0.10896881019389554,0.08537773331685405,0.30697818382306236,-0.7190355482919485,-0.9260961587178134,0.7484236381933814,-0.632544876087525,-1.3025871077983109,-0.41020067337436517,0.19350775662266068
-2.479595052367186,0.03932128880362084,0.07923404121098038,-0.857673587779035,-0.0012260043925809705,1.4233070071221199,0.4094209369947134,0.8306897217501154,0.1271454981709624,-1.0638659154764043,-0.7512803291986523,-0.33678059828413803,-0.22776703463001557,0.9090412468158992,0.029100204887195003,-0.026243125612262053,-0.2421463143330795,0.140998392801153,-0.09742428095532017,-0.6812601771472673
-2.313575959404106,0.6952748627370063,-1.0770104204819175,0.17716464922225747,-0.23837631794460623,-0.4143044896979894,0.3648467690123351,-1.4884462808165093,-0.16869183425986406,0.3532278060329695,0.47486885048838245,-0.1405325895275585,-0.6122562488695493,-0.4701223168445919,-1.4002661146846722,0.4621742367442121,0.35194024706312754,0.8444403849352988,0.20431522939183058,0.6649585184781731
-2.2296517555158903,0.4070481158399062,-0.13958333351068386,-0.3545540617263888,-0.9617321031826669,-0.2923763427584463,0.5547064111054985,-0.8927660473799429,0.1506909169565192,-0.7143777924141878,-1.1680159342614402,-0.7879221779221426,0.19934622107170655,-0.5878482390528096,0.7758170540483136,-0.35169418184861456,0.914731856331637,0.21630953758412358,0.12451193385913788,0.404030091976375
2.422483116922922,-3.1906260760123186,-0.969363200596356,-1.024593717963716,-0.18262603957602203,-1.9251943944421401,4.331509045552921,-1.3964219690091644,-2.1996820066174827,1.808445360780183,-2.3435959315147676,0.002411920212900265,0.1734535461025832,-0.8526703378389234,0.4655156872361199,0.8600351714816321,1.1373641513633332,-0.3281688026231133,1.7722228264324835,-2.602335915930384
-4.437534831356989,1.5238996994785035,-0.09227462144352869,-0.12281451919527375,-1.10218518318203,1.0584423471851474,-1.149849741642494,-1.2889370792753536,-0.010162824915382174,0.5736290746211119,0.4689784188241821,0.7610491978102252,0.4165694192483743,-0.10035711411697867,-0.03838327571454725,-0.15666260061872153,0.19400721912654695,-0.3002776112023834,0.11188630868518633,-0.001365112757970889
-2.4626096949526852,-0.4887313758718068,-0.042909640987445805,0.06953016563405864,-0.8400611899088569,-0.3041469892090942,-1.3881671492535057,-1.3449270262626456,-0.6678998079039673,-1.3058831588508344,0.13325172636879923,-0.10990526589946989,-0.5557154613309067,-0.13105303551739117,-0.347441124870167,0.31408485699890126,-0.5770100915308526,-0.4436384783819549,0.42094697012568855,-0.4465250394176409
-2.385997142482502,-0.5390028862698706,1.3294824548270652,-2.768973857100856,-0.38416058293733285,2.9705850661554845,0.02964455835664459,1.7202275272760401,0.2693314323530858,-0.16234449021333142,-0.5611825808813646,-0.42077541016849723,0.16014360299653418,0.7371917976603373,0.40654727498156346,-0.05771254558286398,-0.3051010410519456,0.15132957622541318,0.05877562870683152,-0.2162741340692796
-0.47167140613244085,-0.37333720905973267,1.1178158384283765,-1.1262059276587508,1.776155539602829,0.7601144531872082,-1.6952351733667308,-0.15552472519395416,0.11655467439487863,-0.0990746008120924,-0.24641598936428927,-0.30073222681023765,0.46332069024814565,-0.5417216494448363,0.01835999635435398,0.05377314186940692,-0.06588617346553238,-0.070143606101148,0.2945264072190747,0.24869057917804707
-2.127218723200054,-0.8346201541191655,0.5024518982903754,-1.6587370381746518,-0.355720384400893,1.7011475868925299,2.017194389144854,1.6784963092972236,0.19357768570866202,-0.5259788246094446,-1.025322603963557,-0.10733956844320142,-0.2934269388057297,0.8648607225764525,0.7599233968056305,0.012522458070267417,-0.28798081632153794,-0.6271372621534288,-0.2534906076295902,0.7535806089037541
-4.206488944496183,2.5853164811241642,-1.4138017258226765,0.8001904381031104,-0.37015514726401066,0.18689919848691508,-0.03018711452535311,-0.5592362941673006,0.05253871604565452,-0.5850058486835087,0.0441220742795721,-0.4891436024146313,-0.27477419248400203,0.2765232990005587,-0.6642945439845128,0.22423341111475698,-0.48799887544000664,-0.03655742869711137,-0.0046095541828097344,0.09487097833730768
-2.659353186978308,-0.8002364352106015,1.3651549301536456,-2.6970419549355524,0.687024070724928,3.203492753385196,-0.9677892725044395,0.7564148548754113,0.005904246442642147,0.2554072773627804,-0.21471971020988273,0.16878908449239038,0.17627778358313545,0.2968688596749851,0.7796611393780781,-0.013445574156540241,-0.06185849942039551,-0.07823029707885182,0.09356808552119994,-0.08705992425721643
-0.16605714844631894,-2.0302740026497297,1.1483278840370905,-1.7898774407209408,-1.1128731132045189,0.9415107872259438,0.6403733319737571,0.3267437256561135,-0.556441713682213,-0.09709824908851139,1.0022519141245534,-0.5656020593752566,-1.0564046366168303,-0.22298047333954948,0.2687305973627106,0.15106572975069374,-0.4270619020793861,-0.19162951257494815,0.408682259626571,0.45445062101603156
-3.0717095829534244,-0.9210113834752663,1.416167483963263,-2.649277317037189,-1.1710557450937318,3.3421853010666993,0.5881442411486719,0.8565925921663513,0.08185625209089599,-1.157674240810933,0.8837305862961616,-0.1728381668836198,0.6868851044245765,0.5548066718290131,0.5911843552465712,0.09963239804465718,-0.29408182659374493,-0.19804110197247354,0.004844757731659337,-0.10354761561133162
-2.4053578465665515,1.4928809790887472,-1.4213681169615822,1.4640332990383225,0.8320903205839439,-1.828733442236592,0.227957051186031,2.0691815133312863,-0.2895838752434311,0.03461640013661247,-0.3714556916187101,0.9830869805510513,0.28132972552467095,-0.6370136392942533,-0.505843655140948,-0.08209530479823468,-1.3969626707528773,-0.1931966918713712,-0.1517664948583451,0.22323253641559188
-5.769191691621511,5.4892423303180955,-3.1755399845746903,2.321009340994133,0.1844987943590326,-0.6642192169452155,-0.8598342411724644,-0.6167610802103846,0.3088222682419378,0.5449147185608183,0.6115786161384147,0.05565596889912383,-0.03808871676309057,0.44804986932415847,1.2849098051473165,-0.25466443050615206,0.5798802669822035,-0.09615430818243575,-0.2370839536712659,-0.17969282874256462
-5.241545115414505,3.9950436244556222,-2.2844344872584172,1.1448073580627058,-0.3149798257275098,0.17338368073294158,-0.39745118951182123,-1.627709141666635,0.5278735782915853,0.365118921009532,0.3079990351108238,-0.22596419140341717,0.37262971452940175,0.4177187201841367,1.3392463495563076,-0.2169610252480709,0.8712094757927688,-0.2153641335151541,-0.1772924958033859,-0.0854941494415738
-2.5254456094465736,1.4273696825335072,-0.9433696786188251,1.093393940249337,-0.8017054075208095,-0.795027437369361,0.5381100352258497,-0.7532046591105426,0.3188099782942909,-0.7832468062872691,-0.6437840768238885,-0.9346273324545227,-0.27930214636878953,-0.5063808897342422,-0.40948513041517987,0.20136469999702278,-0.6631379196502376,-0.13581757522790305,0.07424148726320809,0.30547737679822284
-3.706178700639337,3.1769998171930465,-1.661912957331102,2.9432100394122997,-0.2833491602418863,-2.9701536480320065,-0.503822158813616,2.5348722024935846,-1.0345673700282734,0.6653485991467352,0.6742904586881326,0.8008344080585141,0.6946429992643441,-1.1779840129532893,-0.49239852284622293,-0.3124662042549077,-0.45148618159765924,0.25152568387455326,-0.28319699860216424,0.11636057006626795
-3.8260909075264298,1.2728977381749376,-0.4110084800574034,-1.1916021269621537,-0.7566062834367612,1.7519982997608363,-0.1665594002135936,0.2870374171813629,0.07632946461969028,1.998091487640152,0.042401898879163735,0.49309956790663817,0.21912640480665524,-0.10688528380316566,0.5609028575091475,0.08137835060448703,0.504079612652756,0.576317514769155,0.23314053060067685,0.12605048585162204
-0.9097481149098046,-1.2530993559243226,1.8639996624124484,-2.578327186167542,-1.198454277961762,1.4944825461707214,0.25699629395884854,-0.24021453473865484,0.6311824282035731,0.6657915007261289,0.9302101024730808,-0.4234534664963957,0.735269057409491,-0.9407195474474292,0.2829326971637892,0.6225780113618706,0.01850720619302898,0.5239686197545611,0.7546673312736031,1.2896431250892744
-0.8060365635636445,-0.8486522906646441,0.5010089323877983,-1.541275066575884,-0.03814247970493109,1.026087036570522,1.6505906214670563,0.5048834276069529,0.4565826400545242,0.2684397138540038,0.9322700891574073,0.6035315841969057,0.13508380888335345,-0.45780224858835494,-0.774845712712511,0.4471999949451604,0.5960941433115168,-0.10156135957484183,0.33025641439232345,-0.513653453607457
-2.8755636673901477,-0.41533634697926025,-0.3758626836568565,-0.4155831087087357,-1.598195063661189,0.5165892846734788,0.03840051383756045,-1.2715253600692726,-0.43018845109003745,-1.562346299789458,-0.538558072952943,-0.5196134270533477,-0.6681338523040206,-0.0031843277842283357,0.20728654190881396,-0.09993596063472802,-0.27323919254260276,0.35702342928946024,0.294819732302313,-0.19366707833155927
0.5455400461413744,-3.925421974825505,1.5623787087754328,-0.5793711836990851,-1.0066759069588662,-1.5777246681068147,-1.900350547721275,-0.8730818810124672,-1.1368101594890658,-0.801125909094836,-0.12353415644460419,-0.5908693230226807,0.25669413708671246,-0.5315985919327609,-0.06862141806766714,-0.24020849630190064,-0.6423545336504031,0.024736638173792624,-0.490930733126011,0.36716585219834097
-3.738805874013325,2.9350641914400906,-1.5104254343371104,0.6816632032639758,0.7523258263803174,0.11740728269494596,-0.5283665534454856,1.1102549278133744,0.1567738208785843,0.879926119413903,1.1210294521957866,0.059783666971380434,0.43248687752889386,-0.18099706705030266,-0.3635145752021835,0.48374520983788843,-0.5984810254414796,-0.3736193132359542,-0.030849704670767086,-0.21741582154258365
-5.311393707101327,3.36540434245322,-1.5109647792280776,0.7030993515027801,-0.7815415078469053,0.4083835986690396,-0.8037644321176012,-0.8854282953106207,0.26143409696441555,0.09656372368282551,0.21895785076074636,-0.3526051314778088,0.1898658994107998,0.6022523590786559,1.2183524519509508,-0.3547108557006423,0.5414560542982791,-0.3620361280796073,-0.025569519857162094,-0.11765201547438799
-0.30544579514554904,-0.007783552585378994,-1.648930915292769,0.22281733577255763,1.6059960944346567,-0.2223532568677959,2.141265758580728,-1.5518840884765357,0.2513037750144942,-0.40077037214043276,-0.12551754365286583,0.2023423446353475,-1.0542716903242648,0.6294717390328496,-1.514027853069395,0.40227936600997205,0.6769279370806657,1.5616440376210705,-1.181017443433702,0.5378839868060755
-1.8316513922309505,-1.9009785550511458,0.7914516497505357,-1.831882824883645,-0.4598386987348043,2.016857287630922,0.5554471167496795,0.6379083063095077,-0.5514858993686674,-0.509256287626358,-1.1113169925193467,0.7388801731387865,-0.2953800182052153,0.9237004630926603,-0.04519554165984274,-0.08720852852529966,-0.330111160916186,0.052478438333971256,-0.44841793145035885,-0.5567673580442347
-2.9587137236693968,1.0109935286122118,-1.1019345185857938,0.20819909366654304,-0.0910304819403488,0.1056474642846244,0.5736097963413633,0.3809454341978369,-0.16488543946133682,0.8608960068100054,-0.5940536302197849,0.1591473091841531,-0.4319601592668615,0.38018747997318086,-0.007827709716797273,-0.19253510815607625,0.01726447412097408,0.022419596066932473,-0.019015527173094404,0.45415541313975916
-5.436088567720765,2.843841948996655,-0.9627260806804671,0.0731615393768017,-0.9187984182177302,1.2389099622862716,-0.7599058371818216,1.194191719209193,0.0446469060068896,1.1963368684076405,0.3892023380231437,0.3740224696348903,0.5988206189951747,0.48282368175691937,0.8773876668501769,-0.35168500573381983,0.8754375246752268,-0.5002442703257368,-0.09504159838099471,0.018518581013955038
-6.03496560933885,6.156157283191185,-3.565165766928054,2.9345291946978787,-0.11735185685814753,-1.287322473920938,-1.595703500074833,-0.9744951120246031,0.020176639274878422,1.3761191815593885,1.6132867219583913,-0.033225905280444556,0.08288481464320804,0.37647285662083607,2.127500363887401,-0.5733417241694465,1.5394996528680704,-0.6230513181816588,-0.35331669043660585,-0.11922241022435867
-2.932164420839708,0.5878653211563337,0.2246172421966306,-2.0835645031179637,-0.2430592658079238,2.1384981598577295,-0.3588878166053056,-0.39370799621728836,-0.2946233566217342,1.6635569553346037,-0.2543732374789948,-0.46758386438080374,-0.02823816649277616,-0.4292483045949068,1.4294422236849866,-0.08862967045642,0.10132518366957233,-0.5523167251097089,-0.14967670382569967,0.3284851566374688
-2.4897879346681075,-0.011279623437356112,0.7021517357618396,-1.6699663915303131,-0.507954217375161,1.5953506879426789,0.4414655089891231,0.3631616936617345,0.401595208873486,-0.20356220404853131,-0.5269778019828102,-0.6458318379030552,0.47345362347156406,0.2427202988995469,0.34931856619688106,-0.07916496307526463,-0.264289592365804,-0.0970874209763798,0.1465128536883254,-0.5219679648100719
4.0538723862784405,-3.9016082737060236,1.5083251511287137,1.4745300389756952,-3.1323112622170983,-4.207692368639343,-0.7813249005094154,-0.3100544906973174,-0.21079080890354673,0.24564654504827405,-0.44630889305431265,0.9790602428910576,0.4929740124940474,-0.6023986332585711,-0.8647108122549457,-1.0061051150149949,-0.7756905572752332,-1.449250672449243,0.2862671799965423,0.6095101697228473
3.156483670618102,-0.8335913420439423,0.24201999031921712,-1.2636131197754907,2.215094418307618,1.1174156871795513,2.7977568290676533,-0.9110360580163381,1.5033736933014172,-2.2815771132978018,0.259568560822396,-1.3377851765527087,1.118477874258087,-0.9604057584134326,0.27162151514213156,0.3340587531243088,0.27730906330135585,-0.8296344817237415,0.5980642421855912,-1.97090554270549
0.3057333138372242,-2.6688880381599858,0.5108161988668389,-2.1930649576128958,-0.8792716907406407,0.9547063609553941,3.6169712820329805,-0.075785679365167,-0.5935726567763373,-0.7240520902372681,-0.43097692520724795,-0.28857268137812553,-0.07644608517436638,0.2703963331512055,0.6211470641680075,0.26188129664478976,-0.4833404451568744,-1.4645970026262969,0.15726972019502114,-0.19863151434253573
-4.426016171886233,2.47745059168946,-0.7233820548194883,-0.046923646038171396,-0.9935375256765575,1.0886288122632706,0.5711506640434466,0.7360557518011872,0.5636122689267131,-0.6687594724431593,-0.5388022990747858,-0.21185746139082073,0.050761272377078726,0.5505982141244601,-0.1603412150749753,0.2736700480289006,-0.5640230847923798,0.3191497000342589,0.12078412806263411,0.01875414679313868
-2.761440441561045,1.445957538027371,0.042912413951674,0.19396267126026023,-0.7074972046105882,-0.33551764598551015,0.7406189986106948,0.14744172510516193,0.6021922871989978,-0.9314990937932026,-0.6853573031860769,-0.964178111584391,0.24070479326710909,0.2736406029316128,0.10164770277482976,-0.35421020435251305,0.21482684793376855,-0.21846060708554288,0.01591357526198675,0.7891486473961036
6.393800664632726,-5.34176472298022,3.912689443870963,-0.9769184227562618,-1.9586584955990498,-2.7010243699919996,0.8305300979478539,-0.42324140967389656,0.4669616594117703,-1.939545820327486,-0.8965016224420368,-0.9261176212422357,-0.24653002956183073,-0.7634149262034123,1.4899899452924852,0.22167767601681418,-0.44293129528199804,0.9440425405093796,-0.3667748535089708,-0.6061906426863223
4.614319165927487,-1.1548435717026193,-0.012355637065651515,1.2761448870871306,5.1895636863221535,-1.902927189788938,-0.08806337312757412,1.53438327098338,-0.20815198194027984,0.7966287891426452,-0.3711732901931823,0.4470733826893974,-1.4172651983492006,-0.6928506401635242,-1.0827711570113057,1.0474183590015307,1.730542423427221,0.2975245040599175,0.10649686761407523,-1.1089675973444915
-0.5311683442439177,1.338573880714009,-1.7083801284749138,1.8440602142625329,0.7599772850888744,-3.434511887587788,3.6490883895852475,1.9898538996510498,0.3203774615605564,0.7322174859933058,0.2528437468151276,-0.9135717831031065,0.06626464767021761,-0.0873217363429129,-0.1348072205084886,-0.7844129783328403,-0.3744994485769456,0.05344386694836478,-1.6169513506216853,0.28731454831992553
-2.2866781358947827,1.252260960400036,-0.49606046153397726,0.94262356832498,-0.12676094961319673,-2.2055417628565923,1.723216389389787,4.997859513992841,-0.40724877743267796,-0.08216395095047002,0.26268260470448246,-1.3579221196210594,0.8930357386737032,-0.2770613344112153,-0.06901480020376938,0.3332453698713213,-0.18349292440808457,0.09962999099394809,-0.12163558165091809,0.7326835323444189
-3.7593367959144546,2.4358997448812882,-0.981942196313679,0.7268275864654243,-0.3278884762829666,0.003150176961305595,0.04947137979257166,-1.704287015103674,0.42087789484769994,-0.8401674005232009,-0.2872605099432979,-0.7284411377778706,0.28826876720710903,0.0016136250200563598,-0.6652106566606386,0.4826991643738434,-0.5673148243990368,0.37613522560567186,0.528946986021052,0.17696482952581322
-0.48297492991091295,-4.02809172842259,1.1355403343941486,-0.8946457393226952,-2.8422138485243256,-0.6122970041004125,-1.7238229069478619,0.07982390945308615,-1.2125592553280393,-1.358080336723185,-0.3647278945124573,-0.061454545561122564,-0.5494698008189307,-0.17400709493383043,0.1452899689621031,-0.749814717283623,-0.29287721888175045,-0.33470940703150576,0.5218297463125571,-0.22368331364164817
-3.9025631494019652,3.0888840805012743,-1.2595850738844336,0.7711725452185556,0.3769797279850643,0.1948114470358439,-1.2781861631059452,-0.6429955624683928,0.7405153323767668,0.6489766785632489,0.09018824132628389,0.089420796318689,-0.5084223668331764,-0.24412612868552314,0.08134244114061412,-0.5438887198483439,0.04987845851562611,0.06504000870982847,-0.10319138192199966,0.06451042065018889
2.661394767518152,-0.5913802808088301,0.48543196442318814,3.8021659471316642,-0.11595349974994806,-5.26794813451781,-0.5258287194157927,6.401409111915207,-2.3355674085847866,0.18278489039499396,0.5108502694638921,-1.050181720767607,1.3788761736756725,-0.7597546204091057,1.2245398930575904,-0.1378991718296626,0.8781203623037601,-0.6586321284148553,0.5262902416149488,-0.06862071570992212
0.7637769656098415,0.4028613618256469,1.3159412329260298,1.0946236106226572,3.7974793882899642,-2.8219715928757703,-1.5133456766526483,2.0875206955131214,0.25467957375450934,-0.5482644041289878,-1.4106390391471646,0.5383441121048775,1.0501489893081497,-0.6890557981533261,-0.3164275616450963,-0.571649572476876,-0.38994159104484033,0.8376910439628316,-0.6347603332129843,0.6246989837135035
-4.485149506380511,1.3281383953847743,-0.32979573852669175,-0.5424958876443309,-1.1520510840170042,1.594539269502901,-0.9427801141343795,-1.0102029112695556,-0.025271931647728074,0.2040666856547961,-0.054662733594955826,0.0989412930698394,-0.2181364556316141,0.05949691815923097,-0.07094517034493619,0.02157087327536232,-0.09821269147431974,0.09346424587441575,-0.05355812303283952,0.10353857406431509
-3.253577440591159,0.9427876063578717,-0.22247598646768407,-0.9780771003815978,-0.26589310705501645,0.9005803842881547,1.5768191289079723,1.24913250226664,0.2685910515967261,0.25289838324258174,0.23558232674166452,-0.2787621591772925,0.48043845952781433,0.6717410873381127,-0.03895477491392474,0.3911119293812938,-0.10404656638720039,0.07065720813972892,0.06663457378853653,0.21627693627366043
8.89086019076044,-8.437933230987085,4.406044536716459,-2.6534425632112666,3.2157000668868805,-1.1907691355427303,-2.137292280645439,1.3399634957714106,-2.0461606769961094,0.5527943662383845,4.532040127370869,-3.294540242773674,-3.3885656396864205,1.2868262544719067,-0.3016239650521335,-1.4884665163888513,2.060378779033042,2.880820843130059,-0.6720021535856001,-0.1838045919513941
-1.1739065470582057,-0.6776552977794874,1.2062735148636112,-1.211926661594473,-1.2749225365837056,1.0622813460337264,0.6813646795166817,0.33232523489516486,0.19288355963576578,-0.04791065954806033,-0.17037086053159567,-0.32110771786581643,0.4873897337238213,-0.19641691005416587,-0.24234298693162037,0.8227800803562589,-0.8334117583499561,-0.3750945067627459,0.30135680551980165,0.4500490967392334
-4.676018041073169,2.5285376702910445,-0.7594761763990315,0.4977447007875595,-0.9438006983492465,0.4275367510761622,-0.8626526359341778,0.3945722185202249,0.2978543577999941,0.3827649399107439,-0.6504351391323941,0.7540348514945375,0.27459819927586077,0.1497958905005042,0.026070831429493013,-0.2766359114008266,0.1600324140244832,0.001939337104116312,0.023093741276478248,-0.199784338592021
-1.1015865953743262,-0.06587995109015238,0.7597171978848223,-0.8153313498018702,0.8343065065521637,0.2572900625380787,0.2702582528037978,2.479463916120573,0.3349623478135151,-1.3974739176350273,-1.596606031669289,-0.6874689521468449,0.14193356185071754,0.9185307305228906,0.5653445803697293,-0.3404826097476953,0.6445971763953547,0.3078041715414327,0.40658579660178473,-0.34406047303023024
-5.79678453073471,6.398118488551841,-3.6432624242003486,3.3972124340287637,0.12745513266551245,-1.831949747326336,-0.8233063790279944,-0.9646586687742463,0.3257714103926844,0.24071218356712554,0.8697005982504773,-0.36657959011907115,-0.233915936217803,0.1323839770224663,0.9499791020593779,-0.20411054338510318,0.2409296824024557,0.11238806047972838,-0.26650103040108175,-0.1269418174808005
-1.263043948031682,-0.16269887906768887,-0.8195197143636141,-0.2535255972266805,0.5643598639648398,0.15225088043895882,0.4876249714808535,0.07566378471705754,-0.25791221339086196,0.6844894903216188,-1.4052594713932245,0.18113394681511813,-0.9363122364364993,0.18431871562594423,0.3602247291256775,-0.23247173852298475,-0.46974562713590456,0.36937374921013544,0.12640653715124398,0.4026616202201169
-1.3680567376067274,1.9191913078265277,0.3488615677400799,0.8242906167640673,0.7504743219629124,-0.41536304620498943,-0.4400963993021859,-0.03353305030102238,0.9075725817471931,0.8454440028087156,-0.30302924667890857,0.32637478615990767,-0.6309432490800796,-0.23343514589089379,-0.19570653523166193,-0.2889626740292497,0.16269122715539813,-0.5126260835372699,0.6947059770779114,0.7091982373205017
-4.711632373746708,1.9554821473813175,-0.858241447658851,-0.2448672409606233,-0.5227671772982311,1.262588526676416,-0.22996533330034863,-0.5108044136287253,-0.037450900889005934,-0.9152875311728425,-0.4906740499044431,-0.682807107548703,-0.3762252931381643,0.962295937529181,0.816181041364804,-0.01382715983292844,-0.004731462163160886,0.09815337467458314,-0.128819840363276,-0.15224984394721233
-2.6499501373374486,-0.8474312582151715,0.8993945189808676,-1.2423951709798675,-1.4112223170636058,0.8625571135066944,-1.0755888570960315,-1.2157713141867164,-0.9344853201004282,1.2763204558702759,0.22856716801019478,-0.30392454938610947,0.1996057644340652,-0.8657102824921864,0.32165115437037983,0.004059221208449371,0.4319408572391201,0.08144985128176424,0.44640728237774624,0.30450304185553834
-3.9368236436609116,5.04403765835043,-3.792354113291925,3.4871933950574174,0.4924590359929859,-2.3231612477135224,1.3252190836443007,-1.0852212742399208,0.030892987785412204,-0.18125214213516838,0.33982078432968604,0.3026769736767658,-0.8104578866144332,-0.2967803370923917,-0.15583987184606096,0.13361191648158743,-0.6936391065291705,0.9531148482248,0.0954752150248005,-0.7069074850573404
77.37173373020015,-24.309962256114197,-26.753357401822953,19.309304878425024,-1.605833956047805,8.134139093209887,-0.9129890978703745,0.7729535800264544,-0.5286792196139793,-0.2890518649082088,-0.124731811754899,-1.0250437982819607,1.0221975137325274,-0.6071964025715859,-0.07995767339696691,-0.47857584573206324,-0.016154473030398186,0.37039774672003256,-0.11824428251716967,0.21574121424992077
4.054209208447018,-7.0526349715935375,2.916881010200036,-1.4647839898939898,0.16158994926932957,-2.438852590364295,-2.9342125467159392,-1.1488019854891671,-2.707610323339348,0.422466624761886,3.17129998537733,-2.4010438788541864,0.4725219466212414,0.6346087046655411,0.19081552234484744,0.4400792095397756,-0.0936647527725537,-1.1750373710017379,0.5625454966284191,1.6354205861285545
-4.023520338972761,3.506017676458709,-1.8262814659176878,2.0058059625916944,-0.3866335810786271,-1.0156463929199337,-0.9993365962655181,-0.8227716754967436,0.2097102575485076,0.24790512124017056,0.783187452778342,0.40086472232947545,-0.4463453238177775,-0.5714065067685942,-1.0090718340630978,0.36733224959625443,-0.5905464033667748,-0.2803297115238029,0.3325628286625228,0.008986428746808633
-3.0587489524813076,0.5199822647475104,0.5064013414333792,-1.2311092372924788,-0.8797559181753558,1.6430615605660712,0.257488143132795,0.5723721078217295,0.028632068244132114,0.7667951626897995,0.13688126387250676,-0.16208867490517564,0.1596088502732717,0.04514574445027211,0.0708654930276411,0.6246682172343843,-0.3660857654026262,0.35560854861054986,0.17183958827992682,-0.09285869698758926
0.20283144300934142,-0.35399224365541765,1.3294754564146785,-2.367944469641005,2.690921576578246,2.2180603209117,-0.1981208702207567,0.6528735547125113,1.0336129029117738,-0.03377879188364391,-0.5458712258303754,-0.8221493936522137,0.3624580559211544,-0.23759396344001021,-0.04988974852890113,0.29176012592167033,-0.3750093689592826,0.36308631770064365,0.31909677928833924,-1.0948821293026947
-3.1052274047202175,0.5229279908999105,0.3406689390659531,-1.037805446899942,0.20508187676599549,1.9370782414941143,-1.741017398543724,-0.09528605435278581,0.32788966360516164,0.5770893284708583,-0.046080463290685714,0.7334461948659381,0.06079811056181211,-0.20185211237112288,-0.37212804955059703,-0.2446290391598666,-0.23088902885920626,-0.0495643176450091,0.0027871872705585755,-0.4996523970948661
-4.312257729386216,5.3695629753091385,-3.1548177326651046,3.247630479279277,1.236118617363474,-1.9576133080158324,-0.901371214612184,-0.24870277178198696,0.1284499601264289,0.313734401357143,1.1939500151717102,0.1627779589772558,-0.6199237986547305,-0.18358737630868416,-0.5769499370938208,0.25520791012814315,-0.4687092647504026,0.4162563360072359,0.02257449561915953,-0.06223663503655005
-3.772665391565214,2.560920726287288,-1.2196458940086026,0.4550788636667774,-0.020878393514623395,0.7685596853348456,-0.19999893809955904,-0.3879188279408623,0.33381652559505376,0.7074497650340287,0.23339230451041348,0.6306067650716893,0.23382257900967135,-0.9552156077181957,-0.2389952345258784,0.4452657131412335,0.022691168754476743,-0.271616456727595,0.08394497545707363,0.2565695912007547
-2.8504261298449176,0.6266664571961168,1.1254012211579036,-1.2482063416632059,-0.1280712527051763,1.5956249893479648,-0.5287925729749142,-0.1357855234891489,0.8383655073561005,-0.227861459831728,0.20862790277720028,0.06723438796370329,0.9575398420918452,0.014275196945017443,0.2127198792801629,-0.31768007109826146,-0.08292819363040133,-0.10750737416564694,-0.05765130001035118,-0.35247463340351326
-3.834700814859456,2.201932212124882,-1.4506274537870385,0.874263890447218,-0.5368556345129017,-0.47200654004160275,1.2775028211238635,1.081923353947492,-0.10974411757041959,-1.1527296247839929,-0.772627292909186,-0.7058938567777269,-0.3102131585673284,0.9294343191830767,0.15932446336927147,0.250717886724904,0.01142572467044417,0.313356051292457,-0.033848640793179285,-0.06727438634669139
-4.4193628109932925,2.5349255007771996,-1.1668495375035814,0.44425559790948616,-0.8463311511973823,0.57973265954559,-1.6813847151142425,-1.447113695592842,0.11713251097509358,1.3796271068678139,0.6439761078861126,1.129807866173594,0.4281635472041473,-0.40905221138784653,0.2305371140141459,-0.26964671619784125,0.8239629954598731,-0.6116847863314447,0.0652899171187333,-0.14550241054648888
-3.8206222398162777,3.7102564947619174,-2.485723937925065,3.762927496033696,-0.4503961379744449,-3.5212318902718347,-0.9101440914301212,3.2631460735354034,-1.3918902045699701,0.6488395635597249,1.5703427713941984,0.8490731278900809,0.42623346100938037,-1.5257205870245971,-0.13837798532437606,-0.26934581906270083,-0.673828378206571,0.25750915684178743,0.3515290968845566,0.20647475882007701
-5.270256566564519,3.2879620461121832,-1.8440050940898662,0.9882681419459859,-0.9288624360812979,0.17576268463781086,-1.6555767813419424,-1.0892488237301008,0.21770751770658645,0.7902691149308567,0.20431759944298827,0.6062400676004038,0.31444099418432225,0.18076626485139857,1.7564656423786982,-0.9454789767297155,1.5218606224124045,-0.861161764761575,-0.11476709419985498,-0.15700485020245247
0.23024141478905846,-0.4697516168736791,-0.9653697488502333,1.7458728298162383,-0.6203848357888468,-3.4159314011045834,2.3335062311475365,1.9015606374590208,-0.3155717967505799,-0.5272849118052344,-0.2962653319978803,-0.39200887280155183,0.5823211530678742,-0.1892633957617236,-0.16629335837572556,0.29754136894192407,-0.02508139587548633,0.2592095745767691,0.5656110038345327,-0.745287944203072
-0.7916185639130993,-3.4174242581725984,1.8740030093461406,-0.7645037784881079,-1.888406821340097,-0.11683821431626851,0.46285990518854964,0.875667543226559,-0.898468139785953,-1.1655907195818156,0.011470356643589863,0.6853193654320671,0.5126095171345597,0.36974511241220204,-0.49670320266254264,0.061315005823217666,-0.15346366881927986,-1.2832062450039232,-0.1790876705784626,-0.5591222401884601
1.6681332096927317,-4.007308633449148,0.38127810984669097,0.11261600585368098,-0.5176139991608555,-1.6283550645964167,0.5417668294176294,-0.7510061746602632,-0.6854457310479793,-2.4281491852663937,0.49637980188726094,-0.233562006641041,0.07068881918430348,0.8188707108859252,0.028677443930399504,-0.20571852975084118,-0.23724933895897327,-1.098249008399564,-0.3357767192922828,0.08429079772707548
-3.5352053176382885,0.9449342980479091,-0.3703289918295366,-0.7475442539505999,-1.109394178060084,1.2875580768024202,0.6061580543364236,-0.29203370264459766,0.08352956279882823,-0.5931010001244034,-0.8100008715444554,-0.5872909257092328,-0.2372471558685489,0.34840140682342374,0.181197220346644,0.11915244859027176,-0.3173904884297618,0.4684176990023843,-0.16426192207888377,0.3956584002155525
-3.0043393174991726,2.2329282829182815,-0.8985363110094612,0.6627785092698865,0.25792859272234225,-0.16184166599009092,-0.30644744042254374,0.9931850049020222,0.5338662336309494,0.03649285191743895,0.02235898886304749,-0.06420671896906094,0.18984435869568006,0.10330633608620396,-0.33396368044676106,0.4044633640263864,-0.30882057634405174,0.01974798082847512,0.1627489346024138,-0.007999769428704867
10.408276290848924,-5.106165406897838,1.9832360734305867,-1.5280943871201196,12.363339217493412,1.9036306712794104e-05,0.14150393471815204,0.2994556470201664,2.4572309532693444,-1.0095266947227208,-0.13845009253277407,1.152811354598751,-0.03900633503957812,0.5629982347406584,0.026480540521624407,-1.0831306808217867,0.7052395009355309,-2.0702143907494848,-1.4430581296173917,2.872922803312757
-3.5245549708362702,0.2897570751041732,-0.36667961827514206,-1.121014547000806,-0.7728267152015271,1.7359052901780565,0.7003258973274391,0.5077817516886527,0.10415132049472087,0.3860333088759241,0.2624725278682468,0.8708253287978011,0.16146669505241024,0.4814265432024015,-0.6026911372067174,0.27120972998734744,0.1024701922561993,0.11212284389114914,-0.3100457830822123,0.8217790169011832
-3.3335352454866287,2.4919261542424023,-1.8707379740610581,1.255676550241737,-0.13394192299899044,-1.880959769905794,0.5949526190081339,-2.4078966848504835,-0.13035398454973715,-0.8112389376158685,-0.7698765091241951,-0.9086302640617002,-0.742183243390343,0.06327622655305365,-0.027298220841421257,-0.2329493263749244,-0.3044288112834991,0.777198540040078,-0.31454294399165067,-0.1224308416376804
-5.283896660747738,6.088063130344542,-3.898807546910671,3.73682929112022,0.47070565301655964,-2.2372120852641397,-0.9298450120026743,-0.6807490229628981,0.08355134334646515,0.6590996915933294,1.3083322329994524,0.6311511562502379,-0.6574603998868538,-0.42797935558954014,-0.33364008926445293,0.2160656271323198,-0.5167065713262895,0.30195309890478006,-0.26735910073276503,-0.08565400392827537
-4.256472644739694,2.928456238535095,-1.8543791289495601,1.3694559482321713,-0.5139913095475188,-0.6438925354947285,-0.5284884459420625,-1.8510267212621292,0.2033398152588442,-0.8690523118420038,-0.6122047832760293,-0.32529746855680375,-0.5189620079286634,0.1505026206776595,0.13034363470141405,-0.12870620255140452,-0.48719757504294087,0.17927066185091095,0.11796184260160049,0.09152649256833716
-4.179663742746715,1.6821664935253007,-0.5888096646151258,-0.18657259066450455,-0.6222861827608261,0.8474938341156569,-0.441393825176873,0.16851461510386123,0.12668254220906014,-0.2978277007962377,-0.6986907133956977,-0.22269853884820995,-0.11485989100991983,0.3842613653822943,0.4452403093461559,-0.16361588760305615,-0.09978356877016083,-0.09928256394866855,0.13880851946813583,-0.05946074960399116
-5.411836073320391,5.512461910008663,-3.137998366856529,3.0917731992944426,-0.05337432703952749,-1.1167826019313496,-1.3458742190826216,-1.5051517083451835,0.1592274310854663,0.536987488369902,0.7004777948603232,1.2449434595615092,-0.5872284628312489,-0.30417722526411695,-0.209133281005644,-0.08714510973952037,-0.09007710691861703,-0.009138313910168727,-0.1805028642211371,-0.13330935421827642
-1.9085882749557737,-1.0400842356320754,-0.173449191771025,-1.4978956066402696,-0.6656606399203058,1.1910828201675385,0.788540679128475,-0.8733844332699187,-0.38495123448898,0.8500921887435149,0.2701470560950806,0.8243915387137954,0.8590670670107775,-0.715360777256711,-0.09508090568385091,0.28029997672970547,0.4227191299488753,-0.007673124316771418,0.32769845040128354,-0.5139870656746437
-0.07361407059703629,-4.109902218340969,2.603704173988146,-1.828250966162027,-4.367443092221979,0.38412358527161317,-2.530280273697593,-0.43742793703759264,1.6146974142764248,-1.7992317277042567,-4.463213198968461,4.6561934946472086,0.279791165122148,-2.2742195986126097,-1.0641389544224769,-2.536870307281647,0.9133457115431339,1.38915169413324,-0.7632888033857039,-0.037822590781618926
0.11627955029627268,-4.198954493794659,1.6375487154748551,-1.5377944609478673,-2.7641717038803506,0.4962502835158432,-1.1816864342461915,0.3485595457978161,-1.2156854876969378,0.0002877307156615716,0.2167672485225629,1.316612558919697,-0.1784769549291218,-0.39642435877873794,-1.2687180527348079,0.0314420503854576,-0.9670525031744053,-0.7687529712696115,0.10266476424982249,0.6174170356997668
2.0154069914277692,-2.3262866849490242,0.37383541131158304,-0.964538351279338,3.1521986324287643,0.8680849310819643,2.449360693022599,-1.1939201851792387,0.9095746965374533,-0.018830050811060706,1.6140796492778477,1.2301488660860016,0.3041610992735106,-0.44903636241983635,-1.234468958017682,1.0096245406156776,1.327499972639475,0.011807827614155275,-1.466924378785747,0.27420750131459093
11.329758371136876,-8.990387696572446,-0.193554613262662,0.6808281345583626,3.0139394951061145,-6.3485337750366995,0.6539212200035329,-3.2471071881146143,0.0114184895816829,5.84692861546084,-2.3406396975446033,0.8282153218782533,3.6177458056789282,6.780301001486833,-2.166403535891225,-1.0517875256017193,-0.6251948187903822,0.6757757435559312,1.7504551454088795,-0.1976123775239835
-4.406112942347262,1.472062908265697,-0.5980030262261038,-0.30563162843439096,-0.6374276651589854,0.9514447203316722,-1.7507560806847429,-1.2670329141440968,-0.3874047405978713,0.52915844961475,0.7329325371963764,0.05426681858828397,-0.2388768579143885,0.0455782789439923,-0.09705148442612221,0.093024608039206,-0.20134855353975256,-0.03627336331866107,0.17960628857294747,0.03981847398775574
-3.7422247365287955,2.3987217144905664,-1.2411902286435934,0.9729828745161194,-0.38991596752684654,-0.2820523000680819,-0.15710297777219825,-0.7806269803779572,0.22137760274842166,-0.3075530633318153,0.3642703869431697,-0.8570815981157588,-0.06144552746572173,-0.09521807455787484,-1.1672017242251853,0.5790438026809757,-0.404140899172679,0.12185582947401499,0.19465818885270386,0.24582163894430542
-1.1731140885886961,-0.4793500051200414,-0.054302118840298175,-0.13795633334071672,-0.5067678790194305,-1.2464886226551635,1.1173935033513387,-1.8851760101045483,-0.20638584354585973,-0.9314227974686111,-1.2384309926646095,-1.2674202163565202,0.05726061764624084,-0.4490845345110034,-0.6071504703845951,-0.42098602566590765,0.40486728008601836,0.5067097581732567,-0.1258327354531085,0.02050988230764006
6.037542164683228,-5.5835172368408585,5.632302659821462,-1.1287024647065222,-0.9412622171192799,-2.2423695275317983,-3.074181431922157,0.28101584420157266,-0.18911901599009162,-0.03908753221746597,-0.6389615925869145,0.5367557105725117,1.423434603435087,0.08346325179757066,-0.8103667837782099,-0.9936005841605076,-0.3135349664151225,1.613757752097929,0.2569748514335479,0.6930415492771597
-4.083309720117947,2.566940337610696,-1.3765370107723336,0.5593700149174473,0.0900666262799219,0.16867667151933102,0.49143360282433435,0.12755309701192918,-0.03152456451576535,1.0532412894655354,0.5540482336259203,0.1655959110954171,0.880775024573034,-0.05671824489068367,-0.12398272817054862,0.2104473428315764,0.4298793501975233,-0.5707081511301424,-0.027326853698402997,0.07521400037548237
-2.129134919196283,-0.09953649037545273,0.43197240347852556,-0.8446270984819498,-0.8918574037902004,0.5881738010057862,0.2655025549519729,-0.32269966305142983,0.10317356535762592,-0.6138250407454235,-0.19058219743287197,-0.5629664938625567,-0.08227269597922912,-0.1975857535228732,-0.6720050177155309,-0.40801648655126704,-0.5565849162220653,0.17686691835518212,-0.17561205740104685,0.17885932134393387
-4.049528782107123,0.7791654554454008,0.4112117124173982,-1.573971186957896,-1.143776529150049,2.2944130286280884,0.26045464373452065,1.385062092136164,0.2841237844534743,-0.1500633377971448,-0.1655881133992334,-0.897490824713115,0.37927930940563004,0.8410637144784755,0.17344741860492302,0.12637063308572116,-0.055852803454794236,-0.20129370577883993,0.10418655455308533,0.2193942244860245
2.7327742802374897,-5.010308372905582,1.9814581411070358,-2.0467609710975014,0.6497816369125409,-0.23639938988165093,-0.3534320799209636,-0.46714565385620577,-2.059714308533675,0.6919162834045429,0.7823117941379318,-0.5230493744359028,-0.9427887303388607,1.2318218454083576,-0.5574366021916616,0.24940728781430466,-0.7198890045738603,0.39929188045794894,-0.8061060714645703,0.28350338492104166
-3.332007787442395,0.2061555271301826,0.5666984910090376,-1.8395721390004176,-0.4213134757090045,2.4215859663487236,-0.3834527259718464,0.9967431178719173,-0.01891209949822202,0.6642630071300399,0.07135521424014157,0.49286493675131654,0.02305505508541203,0.5734401262167466,-0.2433414005245919,0.22571761457141218,-0.37186079804236694,0.1310402283281869,-0.14735776462766853,-0.03802880362492449
2.175618720911526,-1.8394911424478746,0.1591843792359781,-0.9371554213424705,3.762852746324387,0.3681475030705239,-1.5432210336086456,0.02936524450955963,-0.4164888685237034,-0.28676780257961687,-0.47594446701897986,0.22722158851860336,-0.7842042602850132,-0.0484917027397975,-1.1770193450201236,0.4594693076005675,0.23098943555911183,0.42336603569770836,0.5530238072944982,-0.8357087210204807
-1.9950188511739735,0.014073101148392428,0.266306175235797,-0.7634619504314204,-0.44771042512028997,0.21407219523961363,0.3804206966721271,0.35262908683855443,0.2445561310786845,-0.5603336847950452,0.055390016823811894,0.06792129751219834,0.4801449727939713,0.08793443885302629,0.40158556228766484,-0.028121424402028847,-0.49778040120193623,0.027810939078460273,0.21596044917473278,-0.4958517002573555
-5.428438116714311,5.9518486182093095,-3.4238802484024284,3.0063580784758908,0.14999237020027745,-1.5543129155086368,-0.9891948689121408,-1.51662646808058,0.5541223766111475,0.3731812535654362,0.7866928024764295,0.22766361594816992,-0.11773542022399305,-0.020843303381621325,1.0977973411215196,-0.42722183925706325,0.9144055520792274,-0.1739201443336169,-0.2413645493400337,0.011295250231964538
3.1528037156287088,-2.5412374800741078,-0.012519263180497842,-1.509059114525941,3.4715272499171954,-0.13847321643760097,-0.08445990106837592,0.33094830922964735,1.0285249670980825,0.19521895822382102,-1.3252964377356944,0.10852963503778792,0.23794547378591263,-1.061884811676986,0.6879443863988177,0.6777907889286128,0.543521959854396,-0.14468249214733747,1.797852128286698,0.26663360258433144
-4.693563266917159,1.789590664726831,-0.7531528348053225,-0.10418564418934084,-0.7515396606020263,1.0269289001522808,0.2230812258132588,1.0161564660323237,-0.2993206841316165,0.5588155405335601,0.36519460676325644,0.5546037876900958,0.046106121101290864,0.5841473978761386,-0.33908217922258793,0.3346269675829979,-0.2744006075462107,0.05797384138572509,0.09399115640647981,-0.07779745394733005
-4.009497622807805,2.8834538455758287,-1.7514009879690302,0.6742309778281991,0.4581074284660491,0.2569903618854601,0.2115514379008105,0.6013963587728174,0.08016848512560869,0.0655444633846699,-0.28844868498404025,0.2820819442521173,-0.24040373685073466,0.41553129356357804,0.2389004594248901,0.0028773514298003344,0.08737418450154694,-0.11493987801962269,0.07816533963863415,-0.20211793480991108
-2.6729443458686215,-0.8638411469356765,-0.3991805958880904,-0.36465562091564196,-0.8494642278102235,0.9652880738945336,1.0918173293426678,-0.6437726156885889,-0.6766091832492608,-1.8163962766811905,0.821721189751023,-0.1529442673681986,-0.5929976780452231,0.7011932986263469,-0.8319899366659517,0.5525097105049256,0.11461469649544953,-0.9248330524495524,-0.10285485617361628,0.16055223042276057
-4.052003864200336,0.4310647569742937,0.1707816988150111,-1.5529926095669242,-0.9250606519380685,2.272435061072257,-0.8663124643125858,0.2525933841107324,-0.09122057558359073,1.3185319757295675,-0.23784379819762075,0.39800973375933035,0.3860893884744795,0.28369164671849223,0.4031276959878348,-0.10572715863083405,0.4026019256645506,0.14733194141549705,-0.02518130825068076,-0.11879367533455662
-3.492771922129571,2.202129507141788,-1.5153145292197145,0.7265054100974011,-0.2818832274415708,-0.1796157965214331,1.0101250135424458,-0.6771397736757319,0.13895908841324084,-0.322168522859134,-0.09019263864795896,-0.2910291156217607,-0.1817852796257292,0.11881317137325041,-0.4812329101901392,0.1713677934830256,0.02759987780901693,0.2451218591891449,0.29136710441190194,0.5211924665593615
-2.595058811301974,-0.18206428596715268,0.5185122891909648,-1.6330950875491068,1.1551230804301895,2.221877142334216,-1.4380105901226796,-0.13913937635272244,-0.46449696930345136,0.6656947424248072,0.9377870454211368,-0.5466569555771931,0.3525521835743976,0.2543848752219692,0.6009645678880335,-0.1655992520188165,-0.28830602116592785,-0.23002099083177863,0.026594591717858183,-0.08901558403599542
-3.9978587348873984,3.7775541820612486,-2.5990678330186086,1.8360521796690803,0.5352583667821557,-0.7249072358741878,-0.2605795091960702,-1.5807152379176928,0.24616012511889526,-0.37731051084687317,0.07524858383509275,-0.27418130546277875,-0.8109749187822968,0.01967889051471461,-0.17906728477832362,0.4124520392596486,-0.3786369274632113,0.3178117714830689,0.3119190311071828,-0.016456867502344735
-3.0566018079544497,2.2431923058022307,-0.4235649903462373,0.4702323357166679,-0.3953554199376976,-0.14619746766488706,0.6764775629756261,0.3569049065953861,0.2033213192341446,0.7590983111044949,-0.13504213648448607,0.02998353455682276,0.3772633125719137,-0.43002838726377834,-0.3857619534041754,0.08780241739265092,0.18880285123032203,-0.28141038496180837,-0.2808929690697427,0.40409660838142325
-3.8222334021699655,2.4668408500024706,-1.3424070192365767,0.27573995956479325,0.516290102376371,0.641515005613396,-0.2978152627636311,-0.7212604387269583,0.4676252999131094,-0.1657522270694335,-0.37658578313663205,-0.09786379677348968,0.04853197805198234,0.11328308428154953,0.24660723705986734,0.07635465444996817,-0.07501975971507449,0.03506419131964922,0.0398521194618257,-0.2704378937194785
-4.68238144799909,1.4642011919908842,-0.2959565798943383,-0.9543981969544386,-0.8041783453865161,2.0467663470262183,-0.6877057245459561,1.533446783905929,-0.24356501560770621,1.4489086538002587,0.2142315238534432,0.6330940503166319,0.4733796539943194,0.27876231227017334,-0.09659137086517708,0.3127150354596526,0.027708733600960052,-0.40396266268584247,0.18169868300541597,-0.08564543157573432
5.913875384147111,-5.216290788356922,2.4645649177391302,1.7331781339088024,-0.47900102665388156,-4.661160490974808,-2.10025873240147,-2.8133701276351024,-0.4461190341627699,-0.02433550124325823,-0.6963049077279162,0.59148084758625,2.16613416247644,0.2714798703144937,1.2438760094220398,0.4118097777597943,-0.7133266660204497,-0.764991480889385,-1.7212289388754431,-1.1912232363367208
41.1812144208522,13.971633376676373,28.349363561788792,28.92670113614259,1.739752083760509,6.22868266992278,2.221895530978305,-1.1243215774668145,-3.026911690551816,0.16938756739028715,-0.2811470825292698,0.5829602894353347,0.17125816922335613,0.2637845363683482,0.2001028081659911,-0.159081439021435,-0.11891870260778896,0.19191629843886737,0.3772631970691531,0.1598216292016753
-0.16146884917043436,-2.5156858514424854,1.0136888219052582,0.38105635435026125,-1.2919147888007179,-1.6374386209359542,-1.0019595624092759,0.43182852464994176,-0.24473603964406138,-1.5929357874794592,-1.5070031545114368,0.3317084403035247,0.24760163229676801,0.26551660374820163,-0.28023217173429116,-0.3842048884398374,0.6931845571263656,-0.33508164349509206,0.37785980390413465,0.6627550982758506
-2.1871894830569554,0.35586446923260984,-0.31276485154599065,-0.15909858603318844,-0.6843236571587252,0.03604064040391383,1.5166305278513712,1.3786107023409095,0.19289473698172513,-0.6556519530870328,-0.7393875950386211,0.23757765299093514,0.11196701049389318,0.3747058985017459,-0.18364546987458047,0.2376496003913121,0.6165387085267486,0.00432631467140307,0.35453975352845424,0.2346030052998277
-4.166746268335114,2.883766740533985,-1.350821466526594,0.2799400729849464,0.3715586087331272,0.709381953714301,0.6423635939088608,0.6449911656265972,0.6575744941328638,-0.2621894034829216,-0.4815990855475326,-0.04129997559083631,0.2756411960574824,0.6006293632005832,0.4134692161608715,-0.07566654956989707,-0.020142246049784637,0.21034352445250945,-0.07239015789619194,-0.059056351471798246
1.6171013992398862,-0.606515597597329,-1.4976215444453194,0.083528891606344,4.266709797802158,0.2579571522712848,2.12423166166953,-1.66048829329376,0.5082811389424697,-1.7985414251018246,-0.6904934399138635,-0.5724237028096162,0.6255932326118547,-0.039440181068241764,-0.7416361700617435,1.3138788712259115,2.442064743069793,-0.5665675824670525,0.6189795391856572,0.7062275437053441
-2.9349128621018017,0.5908307965888506,-0.31011809954490904,-0.4165927332598955,-0.8586942044683635,0.7780581602027488,1.5053195105056214,-0.3123345147349675,0.6141051289471942,-1.6889960625758456,0.4141693442755334,-0.8379375612507314,0.02253515693333325,0.7683321265130312,-0.08117067150625817,-0.21436959021737587,-0.5488622154751767,-0.03816212089006113,0.07566702634789804,0.2950226208845066
13.87034525558364,-10.826101383488494,3.141965105993475,0.9452231494565082,-1.4050543401399596,-3.9819574753823312,-0.7009651700307904,-0.33634416946520274,0.35333648721766164,0.01900689976469372,-0.7851020869930212,3.973866193021631,0.07846060903217944,0.4749619397409744,3.9786867907001926,7.011799166021516,-0.739367238765843,1.6755445429913023,-1.7021355238796696,0.7470302356289641
-3.7420204711743477,2.969987278285087,-2.029311094420848,0.8552156588832953,0.24553616030042114,0.34718728566383955,0.5371419195744325,-0.7502014395606349,0.5047714359810835,-0.06382369147811628,-0.09057866076204008,0.16907251972228776,0.3438776095117822,0.2760154328625113,0.17588162075500177,0.16514350844203982,0.4116350946099438,0.13172076277362704,-0.2619335062679725,-0.49597440612984667
-0.4485042415134936,-2.5283525198783456,1.0439991013820116,-2.3982285224019377,0.6787480050002765,0.9640844721324334,1.459032824209732,-1.6476100837530019,-0.6297838940894511,0.779772144512967,1.1556797674816055,0.2844413139042615,0.06483552973708956,-0.2408540222916368,-0.614574918946314,-0.4812325538468505,0.8493637259418088,1.5646504789569464,-1.1667058627305562,-0.6033409523269064
-2.104588516979163,0.3052286381263882,1.0136206361873599,-1.0164978710404713,0.8077442349105397,1.2147171252727316,-1.6799149345409734,-0.44081598992300136,0.5425135515405457,-0.015908969212658094,-0.4447041622477903,-0.6289890708110232,0.344041072430582,-0.08849807396304685,0.7900980672163569,-0.8001190812510731,-0.2692372857017307,0.14126598333920576,0.3636373197737265,-0.13493286949440284
-3.3665110929333313,2.936860475178979,-2.19541361599429,1.5909341318628378,0.08834126767887862,-1.9466575509864625,1.4443997770782067,2.2207927054643144,0.4629965042605966,-0.4125093572927187,-0.5466736989584062,0.06534688525280319,0.7011936506612589,-0.8414333212305719,0.07488383844034902,-0.43508948402595987,-0.40531580900425795,0.544868534092719,-0.21529295387354352,-0.47650446885700465
17.842064795901514,-10.427299336597372,4.356662783737706,1.105495686916636,-3.174616944025409,-3.9151745054110236,5.292123255764482,-0.20052504623226763,6.07102613577514,-3.3642621075009216,7.271367851320843,4.94385144972893,0.0773863828506769,1.031105636363298,1.7244414690664853,-2.202139350331938,-0.06605064971697466,0.7268611973904454,2.2885191361519244,0.03943994706630205
-0.8306208499410477,-2.323291915870925,1.3363310524119918,-1.1448925308193274,-0.1183427369991788,1.2329865772453217,-2.216315383411942,0.1335124501355141,-0.9414670945508156,0.24974010139560537,0.1152231847376613,0.8807367503382211,-0.8537897899751572,-0.3309549959938112,-0.19568117372622423,-0.15804858095482813,-0.9267233308286107,-0.37562202844944154,0.8508575555168194,-0.4600420539009089
-3.713960171851975,1.4254768833316962,-0.602621496897617,-0.4677799445655305,-0.21193295389714684,1.0461434327794874,-0.6275904919223863,-0.7653804139933126,0.12680245584200056,0.7332195464132747,0.0811926391533423,0.32353058930356166,0.2175556160962372,0.30381321807515593,0.3968175178377998,0.17578577106164334,0.5598008298161529,-0.18052816475386924,-0.19373242092923315,0.9515960717060206
-0.1751484110407428,1.4026045366539113,1.9396710679105333,2.4641254746872248,-1.0468200084637171,-4.275521567205449,1.2503336526045081,3.7233654644144107,-0.7791716791752523,-0.2654265202158066,-1.843660827297584,-0.9805485641765443,0.6507513085886102,-0.7880330606115561,-0.09295187494699442,-1.2575382771327468,0.1597057521908999,0.15530468915320533,-0.6027429015335954,0.5206565890487102
3.0678049674175085,-4.768637034151865,-0.7218555346421055,-0.37437653007053523,-0.23125221986291947,-3.1036215986734037,3.9526018013566446,0.5434966055083322,-2.944825024892316,1.3501249772727038,-0.6907691494887274,-0.19116428040354017,-1.960317935131048,1.0434408868638296,0.3989773766536364,0.29061025099802795,1.0388202356816774,-0.8296382681215919,1.0361807816340975,-0.37091682325337283
-3.1693275996794124,0.5318513756871279,-0.1917628314584143,-0.05029453933257544,-0.6260553469668134,0.5204744654775415,-0.4315021462939841,-0.22172267342659513,-0.14004393766090872,-0.17119771721484783,0.45758888235194173,0.37749831623183305,-0.3071125951776206,0.35436021441235654,-0.5527855748380336,0.22510167242810106,-0.249412396592725,-0.3896685096250229,0.1728891024685324,0.24697878342982663
-1.575603274512089,-0.985880799552868,0.9114949297831791,-1.052531193641577,-0.7969950968949128,0.5314598136050531,-0.656824203972971,-0.6956523741104522,-0.8643918115312631,1.3877403631837852,1.2706660257808193,0.8529884091572877,-0.018767281972702183,-1.115214454967284,-1.053406428319466,0.3310825229895368,-0.30647590235623284,-0.42923740510479863,0.3151360646546209,0.34685392584645885
-0.9599337100498495,-2.382510730395852,1.1313989341697452,-1.443021946090775,-0.958063752759091,0.08825875062017419,-0.6385580066355955,-0.9488951984443184,-0.8197309263944824,-1.2111736626946525,-1.079232291251473,-1.1914667664373233,-0.3110464204253781,-0.5930562820357969,1.1901655765493773,-0.8006731489397404,-0.2910452297483831,0.603821957339387,0.45704085542524286,0.8674761559957658
-3.925590473630698,1.9716034476905677,-0.43586397338756916,0.07188117878437034,-0.9161394377687005,0.44925175814806767,-0.16179962856734817,-0.8399678646135662,0.1379423434248948,0.14483256168506597,0.05789236182169155,0.12813226460792948,0.09415057809830592,-0.0735139278740374,-0.626008019441036,0.32495137920233247,-0.16070907273535012,0.5088585259914679,-0.08768329512850073,-0.1709301629425959
-4.165958593966922,2.133143347066631,-1.0124939774153576,0.43319963850005916,-0.17377108878651115,0.5249436271165084,-1.0729824365363114,-1.583524360144527,0.31405191394822907,-0.8075879066169649,-0.3729577900254936,-0.28560525701532097,-0.19004006141897123,0.24403402187229745,0.5223099639893005,-0.32690586700166013,0.0687964158666397,-0.04867205302524614,0.12492067933494025,0.04945912586780565
-3.0932313603081245,0.4127071665227147,-0.4834365256504222,-0.6503880270108958,-0.5162244601569125,0.8707176524467894,1.7541706929547565,0.20266595263286002,-0.03214326199436246,-1.156012071122964,-0.2664282796074289,-0.6688053963020916,-0.013252380612070324,1.1662122716536643,0.5110581434553664,0.30863018529280656,0.16127174718338483,-0.39577426319882286,-0.2550737628539889,0.4451130139377133
-4.517560700604692,4.965693850553794,-2.414940792185801,2.135189239525661,0.43956486660052385,-0.795305030868173,-0.6010726732898629,-1.570862100654864,0.8861951539030306,-0.4849861624262787,-0.0028269406217852344,-0.3423293573053748,-0.30203030519253554,-0.1985410207496941,-0.17194538386116753,0.0647537457871922,-0.6508343899098074,0.31567783181746156,0.10786056679881353,0.1358268533727067
3.1549151134009077,-2.466136187791678,4.794875357738725,-2.869658493165917,1.5779529857310735,0.3652002790296797,0.9827267828721108,-1.7267835342821805,1.9449679457253848,0.268627091559241,4.453988232875267,-4.075793198289802,4.954140440496899,-1.9107599018278816,-0.4041047438536061,-0.07821941000677463,-1.2160663393320756,0.688506851489279,-1.4472007710904191,-1.3693604484690596
-5.202949936018843,2.724382496650567,-0.8642141254345297,-0.15338320573296604,-0.5937593598681367,1.574390399025031,-1.2661847523646796,0.5919189114252884,0.24109445617906128,1.1060924507234655,0.011756644376439085,1.0222668324556379,0.19858528493377406,0.3301040244257045,0.3452581474638655,-0.17701167245997207,0.08952939366631912,-0.12252738129408647,-0.01888142216516446,-0.09073731936916599
-3.180858788921992,3.3412558644818873,-2.279668319974418,1.6904876322883977,1.3339518023583294,-0.5026560992972753,0.31996026382517173,-0.41588355292042634,0.24628880005532422,-0.9992508735114034,0.07453208269834888,-0.24268041715838892,-0.7906376004108397,0.35121939734629337,-0.6338887504767252,0.5849733294044244,-0.28731464030739606,0.42813757016411824,-0.14108385094827317,-0.35756628394607115
2.457810001219219,-3.7514027450651573,1.4981131132636782,-2.269717575405383,1.9216518684116195,1.4550508612688553,0.19894411674321621,0.15477351942420114,-0.26732277662034165,0.38838891253477037,0.8025098675730878,-0.12217218969786359,1.4038426382278102,-0.9011197558748737,0.4445676680709599,0.5728250381334629,0.2803463260188112,-1.0913708684829015,-0.062193568198870786,-1.4517806236553263
-0.6756515280934348,2.0967655620891743,-1.0434692630869233,1.8292449017736665,1.876857259308908,-2.6672838448276117,0.31398009314183173,1.273754880447202,0.5397836672074202,-0.8897448252234352,-0.35581070580992913,-0.5327279302463475,-0.3698849090963304,0.06525931233332447,0.37559699010418823,0.4999593599694677,-0.4597972261327875,0.5292214237619037,-0.35267431001526434,0.12266963096165169
-1.6681555069893128,-1.2327749044871175,-0.675461237444805,-1.2212653672809086,0.3319384680342309,0.8560687172296094,1.0772442563533013,1.4813195201529732,-0.6972275009028897,0.5784723372477325,-0.24686506382993556,1.7307199308736934,-0.5467452669518418,0.8992601692229667,-0.9187109016500344,0.24522443532721122,0.7194122097973894,0.19682276244671448,-0.6786964676840473,-0.2034215047627699
-2.5566080822968775,-0.38917092629102695,0.7461740473126472,-2.279741023795781,0.5112659490802965,3.330695739369225,-0.5036107525230975,0.8815574229969835,0.24136341184784588,1.0867100055113164,0.6619255282481149,0.12398675072999865,0.39566353583322234,-0.054952826900175694,0.1383979949701384,0.33834858432301973,-0.18602946851499835,0.009691628954205805,-0.2484273382838878,0.022480780103903895
-2.045849045811678,0.8258353272427734,-0.4593536653953541,0.28433727237210177,-0.5572267807491205,-0.3503838278450748,0.5962496486497512,-1.5126908955452807,0.15910792780461594,-1.0099515503955074,-0.7879647929864189,-1.1532909777349296,0.011737657091356712,-0.21605654628678045,-0.3980530752187261,-0.1559669874668566,0.004962273675775369,0.2894127152793332,-0.22091953533301556,0.0653272031632318
9.518949908525116,-8.579685706755193,0.5566572381965613,-2.4565443450739757,2.3593575798137225,-2.380796379915039,6.753517814698608,-2.7674663892494586,-1.1543878048084932,5.436771604170309,-1.9218562425033052,-0.20485384815194466,-1.9660123585023697,-3.2809546068817586,2.1009821841762695,-2.296827005353131,-1.8633450303784485,-1.1569340914593695,-0.9566344563663391,0.04989935260500096
-2.6033503664997015,2.7017198606264055,-2.220410771478018,2.0135344934259263,1.0390297259815338,-1.2264073652264753,0.07472692749191051,-0.3036619660049227,0.01298647556365351,-0.49278227465854235,1.1833109282174148,0.5773416695544832,-0.7925921959080744,-0.2346151904547677,-1.1910019184090457,-0.004256954207509378,-0.8661823716858277,-0.011217472638959336,-0.022330955048299628,-0.8809410226525617
-4.302845308002196,1.2209458903342525,-0.07735558599618829,-1.0435479872836746,-0.6465155188235794,2.1043373116035307,-1.009261465348458,0.4131087205947228,0.49482444002299847,0.9351612862944823,-0.15099331528848997,1.2929824015424933,0.3037578983471195,0.39216071955975035,0.22314641237374366,-0.36084858581543966,0.5931525281244844,0.14365459375613032,-0.2136516221514969,-0.09330738768285976
3.0989117578469076,-2.9915384099830136,3.2678324303302917,-3.446768725123238,5.444919001531786,2.6442617593204094,-2.111562419089077,1.076660443467349,1.7612347423141976,0.4125680522705475,-0.22876871364067747,-0.6327372470575924,0.6704432087937331,-0.9409585841772138,0.2955252262998074,-1.2468034075594279,-0.6207649832544543,0.7437009486497306,-0.2704731675973111,-0.2584938616077964
-2.870407134227629,-0.9120174603291525,0.7644417410670367,-0.6908360487375677,-0.8442262195720864,0.10416339237437144,-0.2130542184840133,4.372003903950149,-0.7910261777696258,-0.5284764982382262,-0.6552239098552959,0.3365485935870583,0.4579195731581277,0.7771758961323048,-0.2589743727177113,-0.32733243652968275,0.11045461007174828,-0.38362408549077265,-0.23114762513574733,-0.17271055122151446
-2.698960057916536,0.33262316649167367,-0.0024808891134258104,-1.0107927335569171,0.25029565791661057,1.3740254413406419,0.5261598513313279,-0.04677037686140342,0.45792397120977113,-0.6546667401984251,-0.556184998522497,-0.6862565955251705,0.3472683489963839,0.7137078636576015,0.5024927233800686,0.1903593743814261,-0.06135945466485787,0.3158417994837297,-0.19389823363826325,0.5031705318564956
0.7873677817011142,-4.186589580157525,1.4820708825775768,-2.7552499482502704,0.186326338739625,1.4290244148275686,1.1087952871998874,-0.16930805227712198,-1.1022686874014358,1.3093397350981617,0.1709010557149953,1.1899064875971632,-0.3686964756723564,0.046810662215444554,0.03157659923283199,0.4194934334324114,-0.31634249905290496,0.5247680357698757,-0.5422523298919361,-0.23817764349849158
-2.5065130495721704,-0.07698724441370101,0.303320793200605,-1.3582477915873254,-0.1349221436147135,1.3854587193759627,0.006195470676826707,-0.7161864121175867,-0.2942628806964278,0.596683603042047,0.20742589680501106,-0.35696060369418525,-0.4171137218750869,-0.3146376740158558,0.05344975682146777,-0.1181510951381751,0.014446306656908653,0.728444348962805,0.8252368379574142,-0.05619440480065494
1.154860379290196,-3.7687793503453912,3.960045409148229,0.9785691359938726,-1.7312584833166569,-1.8079813104213271,-1.005802993007644,-1.4916120261770225,-1.7609217597120712,-1.5456360560347429,-0.3387717855904589,-0.1134075970483201,1.1436359173188926,-0.2289856984537767,-0.8748267440223694,-0.6136629935174562,1.3151778660998628,-0.8471622277802179,-1.3959761276746494,-0.418810181616973
0.24891267588000562,-3.9236994934850786,1.8034766690881887,-2.1789819629090257,-1.0365697060425645,1.0070239657518842,-0.17812888336198246,-0.5328423926839188,-1.2771405245404024,-0.9102902756546317,0.4166900497169127,-0.9871706196096203,-0.6104426336812008,0.17794498587350494,0.7264956325607709,0.022819515970875632,-0.43123391849271286,0.08804767528230917,-0.6309979736991396,0.4568515155908769
-4.8773820955545215,4.510214623176884,-2.5046515614426257,2.3053668635261166,0.3082738422861373,-1.4425724246374099,-0.31908053830660277,1.3417762699361706,-0.03812650575557236,0.5315651376377432,0.9307945097101399,0.12870565760549565,0.07300630817843845,0.04066960075677439,0.4326816989487198,-0.14656804924812206,0.21020520769398815,-0.15107281929418515,-0.09893285651416472,-0.05319631515753802
-4.859420477037702,1.8710718777304722,-0.33167432121603013,-0.29466060336330013,-0.887059085623442,1.552786025032331,-1.4387131254770051,0.7559297571072321,-0.045604552917798385,0.7544155065430524,0.3884482476696206,0.9488572600929126,-0.05993029921936374,0.22504011417507613,-0.08539899270271656,-0.007637667420574645,-0.041335807148099535,-0.33191717381341423,0.15686883514950148,-0.11376478609703441
-0.5628360622956718,-4.362174857133468,1.8423717916722602,-2.057967629950866,-1.5256746195698438,0.4275041858777099,0.08947342008924819,-0.9408101769487072,-1.110554763739181,-0.34446117284087663,0.3128431081550373,1.6816453666889175,0.24233152867612678,-0.9290626395691968,0.21468960851682362,-0.8809146086938845,-0.507966138259568,-0.2320364444415698,-0.8392496372484602,1.1934284401021782
-0.09675731327242687,-1.395931143164654,0.368389146682347,0.28729999618557606,-0.8142796539655847,-0.6016949040048492,-0.7140757239900758,0.010095416191185036,-0.545747912686761,-1.524127772937994,-0.5011076272047634,-0.2559432350286465,-0.7397492564128834,-0.014000482078446418,-0.8927629780690153,0.5716915589260292,-0.07872011744275398,-0.8333230173126214,-0.04876704501835366,0.23126609236123047
2.764397156105897,-2.096086000261052,1.2348327473338299,-1.2046362343694303,5.057442196078098,1.058677061367985,-2.248566214332374,0.060100221209341276,0.06484182353744125,0.21701625864724683,-0.01415957436689242,0.7271650666885573,-0.10609700358838908,-0.13532266832001158,-0.2930948211875176,1.3392595373188643,-0.33696226521213896,0.17000999386019605,0.26924012564124167,-0.8455658811149395
-2.187405430484224,-0.8115570966790306,1.4226542374122815,-2.7472692500654405,-0.39561148355706893,2.6790041621370575,0.46105780247968964,1.3142885221443081,0.07393471589254458,-0.18542266936876475,-0.2446964566986765,-0.976160416658719,0.15556109335379503,0.5729244373184031,0.18143687552351528,0.3837627941981642,-0.5033235505270918,0.546592416212048,-0.10611687052400967,0.006124461391693481
-4.037297017535456,3.1551952171445383,-1.3589984054840234,1.0338962846309663,-0.20090758813621878,-0.28886981061187,-0.9397129094589967,-1.5440791179267102,0.08166085723241934,0.3045663938973191,0.5809670342962042,-0.5166827927658226,-0.19297984782797023,-0.5543162736276006,-0.6783931333334325,0.4613790863616813,-0.44945773036535036,-0.2977811067050684,0.4958964511685312,0.3473478623556807
-3.272375622186228,-0.853629586547956,0.9315707931228786,-2.174148327711629,-1.5656158397200906,2.7386050437584437,0.25326919083385024,1.0359603407411928,-0.4106084871350614,-0.1424096248900768,-0.5424154048551788,-0.36891734005004073,-0.13558045306751626,0.5749139697870977,-0.1301053443868714,-0.04991443057280287,-0.1275346869606671,0.04575382745826247,-0.2010222167875686,-0.36329462012452335
-2.8087552781961254,2.1839347596396705,-1.8807638508886377,1.1510645441219514,1.3343553082830018,-1.8043084130220617,0.7136896953800947,4.711168874690818,-0.4241177425374556,1.3358608894556174,0.9298486124111406,0.9321505089753692,0.23241757587066586,-0.6980259949349752,-0.5856438322400161,0.2373490744375752,-0.18680388126877343,0.5798054576312843,-0.32425564252374245,-0.10059435739905533
-1.896956276677742,-1.6025904783853415,2.384898191894632,-1.8483749319777976,-1.532738438027709,1.7173036952162917,-0.5716667010721428,0.2958217804988623,0.2647047203752273,1.054557940101653,0.4016072821745852,-0.04648311159058105,0.24115146356087855,-0.3476805597044488,-0.5925088562393116,-0.13204057141206277,-0.5803461413702835,0.34805674448574425,-0.10134053301220125,0.2571292086260367
-5.623592927755578,6.414431615710856,-3.8505324387736763,3.1938118611979873,0.3150575026035167,-1.5992520630078348,-0.6050733223128548,-0.7763412446154562,0.5598272963051993,0.5738542498527737,0.27558376986349037,0.2380538327136973,0.004644261585931134,0.11586514830524847,2.060232956876933,-0.8112936199660785,1.3287224703050526,0.07876654008495121,-0.5100037356715789,-0.2378792345435012
-3.29779846606786,1.3373840331238502,-1.1074714638515717,0.3503595378074277,-0.5484099371714243,-0.28834402018749095,-0.18838078084191737,0.4801014189219663,0.025571686589102582,1.3799486772418845,-0.2950056036416542,1.1043691614630191,-0.04028009688810197,-0.7699381323836023,-0.467329262171339,-0.31648521664490564,0.09189561170431182,0.16576402738304902,0.17030830543383524,-0.09829472772322893
-3.762241928547365,0.29227132637050746,0.3177305012979994,-1.1892022779118707,-0.707094564022318,1.8741777226385674,-0.932120458345246,0.5269619243793656,-0.29374775416202065,0.4470049450359215,0.2359489655806909,0.32042599238339814,-0.2022213918785019,0.2077671987977383,-0.2216576210509257,0.00911895350535058,-0.20085740552435277,-0.08720860666850067,0.18060867719972523,-0.14268030038685697
-2.027006315191829,-1.4221200143727895,1.1577910389116304,-1.3693872243949545,-1.483075775468453,1.413564345620805,-0.03615211299597443,0.5577083520207798,-0.4991299689933443,0.5925973933888349,0.362989309404694,0.3332973865754722,-0.140452756677434,0.02466194080986106,-0.7571418631512945,-0.14560554177662782,-0.42843471556987456,-0.07751169100530342,-0.2589155914529428,-0.5146424985241218
-2.6706935467713535,0.6059062826146288,-0.14402743784180505,-0.2219768643982707,-0.36690049794155083,0.009284252303573048,0.843464955012062,0.9883926323289192,0.42732753806327894,-1.1269577078103368,-0.4092372952916721,0.051454996402335196,0.100934948081364,0.7220237658076083,0.06517830154100662,-0.2683356767309656,-0.021360725837797426,-0.25364318678642006,0.10597895349590408,0.14662983100127233
133.43351836537863,26.62520216742376,-1.5759696734304605,-19.064268267711327,-1.5670384897397867,-2.1973159801749826,-0.5660495570841073,-0.054344321159905284,-1.0515112823667516,-0.4474078275276119,0.021115288747803218,0.5037963192200006,-0.04480864974805154,0.26087049470420176,-0.0911516996408901,-0.034483685985592594,-0.07071304172484938,-0.1456964480680627,-0.12228685395201944,0.02282261421041376
-3.477704543863246,3.701253656203437,-1.9586155297725856,1.6168192385600964,1.375935685524021,-0.38765725016329555,-0.1986314290229224,-0.576644145682605,0.780407419308084,-0.8149920295178575,-0.5472063231783534,-0.21494940288438863,-0.06771202687633363,0.34524700518096807,-0.07610220895772646,0.08371512960128738,-0.40177478058764415,0.33504747572645477,-0.0012997878796194825,-0.19934348501905302
4.303906149346375,-5.21449281013001,2.830214906243266,-1.25988688218798,3.149620819134678,-0.10163157947242857,-3.1349196648514708,0.38326826138693976,-0.6962241209919358,-1.1978109931327214,-0.35071297361842096,0.8103472178626863,0.088198076489925,-0.6807078630232172,-0.7212128862650703,-0.25363492085972655,0.25769613802577396,0.13371682654519035,-0.10567405237232289,-1.162512524110288
2.1340005273580447,-7.635060031684791,2.292408249682575,-1.393019488895951,-2.7945085770302263,-2.6473741110989897,-3.2736407438005513,-0.09386279905758765,-3.8036666220598336,0.5007170178733721,3.1620573212329504,-1.9917282847055553,-1.156369659310879,0.46583884254308106,0.11167491179465014,0.6724142493838139,-0.4896151685962422,-1.002596274685202,0.4965446277657064,0.12899022038555708
0.8545506466277013,-5.06915575596271,1.1472619796792844,-1.8801275987562949,0.04885957258129303,1.190379454033393,1.5062657378596813,-0.12222584944175074,-0.9344352952708019,0.09455375222038265,1.1455443159700196,1.8447878882238804,-2.146535989224203,0.22030744011467512,-1.1304471291076352,-0.4870371390365428,1.2590121964499867,-0.3424592590775306,-1.3521026157230285,0.5589364743015992
0.08924412676220561,0.8137811879394174,-1.6122850261396846,0.8351137949242865,2.009087248589857,-1.1345531540907654,1.8341929534576416,-2.2736379760023513,0.8903067323208217,-0.3653453824391807,0.31026144923182974,0.5256439695457662,0.40625712774316225,-0.7693431676188575,-1.3381260016476004,1.1677644527044424,-0.5118134179928843,-1.128103821096746,0.47567971357608085,1.1812435650197084
-2.9327087181213525,-0.6413331835874148,0.9356854898051682,-2.1090693286031046,-0.7610009951383183,2.0953539207213048,1.2958600665541509,0.43186923987118475,0.3359719777868414,0.7610987056695879,-0.6372748987852073,-0.2428094644887867,0.638724274334133,0.5018656204697913,0.046587126086159336,-0.06454047852704875,0.8216130127983121,0.6292464623454096,-0.28912603778965235,0.4639147228642595
-1.9521508975367636,0.018467866709661662,-0.23228416175747146,-0.12751861114730234,0.2856054489502126,1.1600108563575733,-0.6737273550725086,0.31057362027632857,0.2241926723543051,-0.4847259910537721,-0.41630411335700324,0.7620995473321746,-0.928723333212265,0.13505394932722414,-0.8514490654547904,0.21858202408749428,0.10929346681606936,-0.5399264691526177,0.12935602939812288,0.031829118824473486
4.356470362636742,-5.348989067793175,3.040749694246233,-0.0005281410289302846,-2.2974979234445474,-4.506897886761819,-0.6925699663400648,-2.139298962613659,-0.8485098134609299,-1.1896687597318034,-1.3298838471059584,-1.4275655692032783,1.904700036637819,-0.2638239543792752,-0.6896079025666944,-0.24031168936298508,2.1894258455905313,0.08934187123279352,-1.5061494833242524,-0.6265012032554973
-2.2945328992462795,-0.888711361493324,0.06555554609750393,-0.7908753540097802,-0.5186598836821543,0.8330102458280704,0.3902965634533541,-0.06373796062277731,-0.3265509585386499,-1.1254904142711728,-0.22916667967683618,-0.05375107077452666,-0.30516683665594013,0.73022158074043,-0.4525256462711374,-0.20407584953611724,0.13423543868475407,-0.4155479908597475,-0.3336044956230785,0.08371765635144685
-1.5450105859035943,1.643108490054578,-1.28323665854989,2.140477809119656,-0.7224270796637664,-2.439006617292803,0.5264620637047853,-0.9937102420199382,0.11970096056783916,-1.5993793237998195,-0.7052639853468244,-0.5326539470673158,-0.8979642691293616,-0.39149089533667186,-0.8299570000689656,0.15212061049518227,-0.24841717554033613,-0.323336052751754,0.5004915221239605,0.3764077003870665
-3.895017090023472,0.6446958513986508,-0.10806023318517768,-0.9518862272930606,-0.8623117293726322,1.485090064388032,-0.8667052662531285,-1.3518523136773521,0.013766497153033297,0.9917123971464546,0.1750689914121702,0.2163266770039064,-0.05238992276367174,-0.1485820696557874,0.24247148762375492,-0.23985370032372944,-0.3891807527220028,0.4830395179122121,-0.3269805312598621,0.34156647985158184
-5.495046612288883,6.210570826582842,-3.8849662529947544,3.8600855835640524,0.279115613390724,-2.5161409524376452,-0.6801436015457484,0.2948342632953854,-0.2803503070276883,0.9398466789625142,1.48072800905903,0.33682675421199204,-0.26897965184857225,-0.21682639948767068,0.32115999843943843,-0.04350713234541209,0.339090244420979,0.008173448946229733,-0.24298782080056083,-0.0642784497494853
-3.5584788501581945,3.857174462107597,-2.7769448068871916,2.0197424716693546,0.1807684661769846,-1.184545461323092,0.7679942669152828,-0.8372344545924236,0.09695008582355154,-0.19870195579095984,0.05511333545450009,-0.3334664286119339,-1.1963855774264052,0.03400777387934484,-0.3667325453199921,0.04934564074927372,-0.8565213925359034,0.6742964849438454,0.2520590857232704,-0.33774358610664895
-1.3544983350616548,1.6790949824181232,-1.3919284881178005,1.6939616513710742,-0.16378937378290148,-1.6986324261427634,0.7328256602532258,-1.9611536960485654,0.8859907713516226,-1.2997467963029499,0.1627462784644309,-0.35155713384419873,-0.13680652771823426,-0.55591465976629,-0.7077978711243448,-0.27201199408086774,-0.4113334054015923,-0.49686563089331126,0.012654953935032381,0.5044488152138602
-1.244732432253249,-1.421066332535122,0.6631634743037143,-1.3134755441329946,0.9113816160439872,1.9315583129665361,1.1767174238476281,0.9220079267538899,0.7089875228267046,-1.6314473826774178,0.9079242747001294,0.9405720974784412,-0.44414670172864384,0.6761277930638923,-0.4475903687249476,-0.35160559447477907,0.314597866436712,-0.41739154036515963,0.023162332345707696,-0.26437289276672105
-5.142830157296305,3.9342125289702716,-2.2247558900075894,1.3427975477709646,0.056017158504748865,-0.34769580142895773,0.0286364461803027,0.9922347329000517,-0.189469918170168,0.7089350336978164,0.1377287144732105,0.029079958759020474,0.04330942377071184,0.36001263769323966,0.32359875847383707,0.12562310157869114,0.18612583070332175,0.0528371682495164,-0.10300438795762135,0.07636383307233682
3.9228023293633782,-6.095377508713142,1.592707647618314,-1.4545081714660761,0.9545933957066413,0.6290249881728162,0.4975840842662013,-0.2832656434722035,-2.265996051810246,-1.829212551676267,0.6827784807664057,1.889250804386025,-2.861210894703973,0.4982598671455421,0.06766407418898877,-0.6389281076626345,0.026462068599192423,-1.2075011948752283,-0.819745341879498,-2.654546682877017
